id,weathering,final_type,confidence,knn3_label,knn5_label,rf_label,knn3_vote,rf_vote,agreed,subclass,subclass_distance
A1,无风化,高钾,0.6666666666666666,高钾,高钾,铅钡,0.6666666666666666,0.54,False,High-K-2,4.413218302194787
A2,风化,铅钡,1.0,铅钡,铅钡,铅钡,1.0,0.808,True,Pb-Ba-1,7.322186147396305
A3,无风化,铅钡,1.0,铅钡,铅钡,铅钡,1.0,0.916,True,Pb-Ba-3,4.9308211997080935
A4,无风化,铅钡,1.0,铅钡,铅钡,铅钡,1.0,0.966,True,Pb-Ba-3,4.491481386758951
A5,风化,铅钡,1.0,铅钡,铅钡,铅钡,1.0,0.908,True,Pb-Ba-3,4.923150224570534
A6,风化,高钾,0.6666666666666666,高钾,高钾,铅钡,1.0,0.6,False,High-K-2,5.965063180420821
A7,风化,高钾,0.6666666666666666,高钾,高钾,铅钡,0.6666666666666666,0.606,False,High-K-2,5.830701533885031
A8,无风化,铅钡,1.0,铅钡,铅钡,铅钡,1.0,0.996,True,Pb-Ba-4,4.655136816252198
