变量,CramersV,permutation_p,样本数
颜色,0.4032720975807876,0.31868131868131866,58
类型,0.3444233600968322,0.004995004995004995,58
纹饰,0.29233117579189066,0.11288711288711288,58
