{
  "q1a": {
    "chi2_weather_type": 5.451814406318083,
    "p_weather_type": 0.019548014331003307,
    "cramers_v": 0.3065889758437711,
    "chi2_weather_deco": 0.0,
    "p_weather_deco": 0.0878,
    "logistic_accuracy": 0.6481481481481481,
    "logistic_odds_ratios": {
      "РраЭ(ЧІБЕ)": 3.8788675290906705,
      "ЮЦЪЮ(БрТы)": 1.1824627120950564,
      "беЩЋ(БрТы)": 1.2314033991096134
    }
  },
  "q1b": {
    "group_sizes": {
      "ИпМи_ЮоЗчЛЏ": 12.0,
      "ИпМи_ЗчЛЏ": 6.0,
      "ЧІБЕ_ЮоЗчЛЏ": 13.0,
      "ЧІБЕ_ЗчЛЏ": 34.0
    },
    "effect_sizes_recorded": 22
  },
  "q1c": {
    "direct_pairs": [
      8.0,
      26.0,
      54.0
    ],
    "unweathered_references": [
      23.0,
      25.0,
      28.0,
      29.0,
      44.0,
      53.0
    ],
    "type_rates": {
      "ИпМи": {},
      "ЧІБЕ": {
        "ЖўбѕЛЏЙш": {
          "mean": 0.5745396195543045,
          "std": 0.31640290365044677
        },
        "бѕЛЏИЦ": {
          "mean": -0.6519138626852555,
          "std": 1.4311855206918007
        },
        "бѕЛЏТС": {
          "mean": -0.2792538842242102,
          "std": 0.5949487316507645
        },
        "бѕЛЏЭ­": {
          "mean": 0.19672515120586245,
          "std": 0.7425109689506445
        },
        "бѕЛЏЧІ": {
          "mean": -0.19581846953367069,
          "std": 0.11977920709563888
        },
        "бѕЛЏБЕ": {
          "mean": 0.19090135318872678,
          "std": 0.7039787125529565
        },
        "ЮхбѕЛЏЖўСз": {
          "mean": -1.7125808205379267,
          "std": 0.6277410928338113
        },
        "бѕЛЏяШ": {
          "mean": -0.5296840592708479,
          "std": 0.19422901129572
        },
        "бѕЛЏМи": {
          "mean": 1.0,
          "std": 0
        },
        "бѕЛЏУО": {
          "mean": 0.10820699417044984,
          "std": 0
        }
      }
    }
  }
}