{
  "q2a": {
    "l1_lr_cv_accuracy": 0.8923076923076924,
    "l1_lr_cv_std": 0.06153846153846154,
    "lda_cv_accuracy": 0.8923076923076924,
    "lda_cv_std": 0.06153846153846154,
    "selected_features": [
      "PbO/SiO2",
      "BaO/K2O",
      "K2O/SiO2"
    ],
    "pca_variance": [
      0.4307103283475128,
      0.3132581961664269
    ]
  },
  "q2b": {
    "silhouette_scores": {
      "2": 0.6833103023586623,
      "3": 0.419992794497743,
      "4": 0.4000699623232569
    },
    "best_k": 2
  }
}