文物编号,表面风化,二氧化硅(SiO2)_norm,氧化钾(K2O)_norm,氧化钙(CaO)_norm,氧化镁(MgO)_norm,氧化铝(Al2O3)_norm,氧化铁(Fe2O3)_norm,氧化铜(CuO)_norm,氧化铅(PbO)_norm,氧化钡(BaO)_norm,五氧化二磷(P2O5)_norm,氧化锶(SrO)_norm
A1,无风化,79.26644437708396,0.0,6.143275740123269,1.8793573810245527,7.305244013337374,2.172375467313327,2.1319591795493578,0.0,0.0,1.0710316257451753,0.030312215822976656
A2,风化,39.20855837141671,0.0,7.924802658911509,0.0,2.4200249272953887,0.0,0.0,35.625259659326964,0.0,14.82135438304944,0.0
A3,无风化,32.279248332996566,1.3740149525156597,7.2640937563144075,0.8183471408365327,2.9601939785815317,7.132754091735703,0.21216407355021216,39.987876338654274,4.738330975954739,2.707617700545565,0.5253586583148111
A4,无风化,36.94791666666666,0.8229166666666666,3.0104166666666665,1.09375,7.364583333333333,6.71875,0.9999999999999999,25.29166666666666,8.656249999999998,8.80208333333333,0.29166666666666663
A5,风化,65.64893291126315,0.37782089247421624,1.6746655774532826,2.389461860512611,13.019503727152046,0.8271214132543654,0.9598692943939547,12.48851220259369,2.205657102011641,0.19401613397324619,0.21443888491779842
A6,风化,94.01614530776995,1.3622603430877904,0.6458123107971747,0.21190716448032296,1.53380423814329,0.2724520686175581,1.7457114026236127,0.0,0.0,0.21190716448032296,0.0
A7,风化,91.25891690947454,0.9846277504270069,1.125288857630865,0.0,5.083894303225158,0.24113332663518536,1.1755249673465287,0.0,0.0,0.13061388526072543,0.0
A8,无风化,52.312730249693004,0.23536635284486293,0.9107654523127303,0.0,2.169463774048302,0.0,9.220221039705281,21.73557101923864,11.604584527220632,1.494064674580434,0.31723291035611956
